id,name,host_id,host_name,neighbourhood,latitude,longitude,room_type,price,minimum_nights,number_of_reviews,last_review,reviews_per_month,calculated_host_listings_count,availability_365,number_of_reviews_ltm,price_per_review
2992450,Luxury 2 bedroom apartment,4621559,Kenneth,third ward,42.65789,-73.7537,Entire home/apt,70.0,28,9,2022-08-17,0.07,1,70,0,7.0
3820211,Restored Precinct in Center Sq. w/Parking,19648678,Terra,sixth ward,42.65222,-73.76724,Entire home/apt,100.0,2,308,2025-03-29,2.34,4,335,6,0.32362459546925565
5651579,Large studio apt  by Capital Center & ESP@,29288920,Gregg,second ward,42.64615,-73.75966,Entire home/apt,75.0,2,371,2025-02-16,3.02,2,15,24,0.20161290322580644
6623339,Center Sq. Loft in Converted Precinct w/ Parking,19648678,Terra,sixth ward,42.65222,-73.76724,Entire home/apt,95.0,2,331,2025-02-09,2.72,4,282,14,0.286144578313253
9005989,"Studio in The heart of Center SQ, in Albany NY",17766924,Sugey,sixth ward,42.65559,-73.76506,Entire home/apt,86.0,1,620,2025-05-08,5.76,1,128,29,0.13848631239935588
9501054,Spacious suite with full bath by Capital  Center,29288920,Gregg,second ward,42.64734,-73.75851,Private room,52.0,1,418,2025-05-31,3.67,2,223,34,0.12410501193317422
10768745,Alb hospital area studio bath wifi. (Red),5691268,Elizabeth,fourteenth ward,42.66078,-73.80553,Private room,54.0,1,792,2025-05-21,6.96,2,153,133,0.06809583858764187
11253948,/Fire Place Bungalow\ 1917 SUNY Eagle 6Beds 2Baths,4259750,Peter,fifteenth ward,42.67567,-73.82438,Entire home/apt,264.0,1,188,2025-05-18,1.71,8,326,30,1.3968253968253967
11639446,$55twin($30 foreign student)FreeBF Noa/c no smoke,61700428,Abdullah,eleventh ward,42.67583,-73.78297,Private room,55.0,15,231,2024-02-29,2.1,2,365,0,0.23706896551724138
12799126,Private Room in the Hearth of the Albany,69729286,Musab,sixth ward,42.65154,-73.76867,Private room,47.0,5,28,2024-02-06,0.48,2,344,0,1.6206896551724137
13083497,Pristine Cape Cod on the Creek - 4 Large Bedrooms,1364123,Akhilesh,fifteenth ward,42.66972,-73.82753,Entire home/apt,219.0,2,189,2025-05-10,1.74,1,306,12,1.1526315789473685
14989805,/Miller Colonial\ 1946 SUNY Eagle Hill 5Bed 2Baths,4259750,Peter,fifteenth ward,42.673512,-73.819679,Entire home/apt,260.0,1,113,2025-04-06,1.08,8,315,20,2.280701754385965
15580397,Alb Medical/Dtwn Albany/Colleges ROOM H,89705052,Share,ninth ward,42.65651,-73.77887,Private room,52.0,2,48,2025-02-27,0.49,2,115,8,1.0612244897959184
16531782,On a little park in Albany pine hills. (Blue),5691268,Elizabeth,fourteenth ward,42.66075,-73.80605,Private room,60.0,1,489,2025-05-25,7.98,2,316,94,0.12244897959183673
17238066,"$53($25 foreign student)Twin, noa/cno
Smoke freeBF",61700428,Abdullah,fifth ward,42.67614,-73.78169,Private room,53.0,15,132,2024-08-01,1.33,2,365,1,0.39849624060150374
18341426,/Sauna Ranch 1961\ SUNY Eagle Hill 4Beds 1Bath,4259750,Peter,fifteenth ward,42.67637,-73.82395,Entire home/apt,376.0,1,58,2024-08-13,0.66,8,365,1,6.372881355932203
19527043,Charming 1 Bedroom in a Historic Residential Home,15223767,Ed,ninth ward,42.65312,-73.78161,Private room,70.0,1,82,2024-09-17,1.01,3,254,11,0.8433734939759037
19822913,The Honey Comb hideout,140060931,McKinley,fourth ward,42.668842904707454,-73.74151370795786,Entire home/apt,214.0,1,0,,0.0,1,88,0,214.0
20519885,8 year SuperHost 5Bedroom In Albany,67171774,Michael And Flerida,fourteenth ward,42.65846,-73.80201,Entire home/apt,290.0,4,115,2025-06-03,1.25,1,331,18,2.5
20620135,/Red Warhol Ranch\ 1959 SUNY Eagle Hill 4beds1Bath,4259750,Peter,fifteenth ward,42.675,-73.82382,Entire home/apt,196.0,1,77,2025-05-06,0.83,8,354,22,2.5128205128205128
20633175,"Garden Apartment, on the Park, close to Capital.",65414985,James,seventh ward,42.64939,-73.76865,Entire home/apt,116.0,2,131,2024-05-12,1.49,2,341,0,0.8787878787878788
20671966,The Metropolitan,98744672,Bela,ninth ward,42.65532,-73.78244,Entire home/apt,68.0,2,48,2025-05-19,0.51,8,266,7,1.3877551020408163
21052414,Cozy bedroom with (2) walk-in closets,135717458,Chad,thirteenth ward,42.66565,-73.77975,Private room,36.0,18,46,2025-05-19,0.54,3,341,6,0.7659574468085106
21392315,The Blair Suite,98744672,Bela,ninth ward,42.65372,-73.78244,Entire home/apt,60.0,2,131,2025-06-02,1.42,8,260,18,0.45454545454545453
21449583,/zBig Blue Ranch\ 1962 SUNY Eagle Hill 4Beds 2Bath,4259750,Peter,fifteenth ward,42.67547,-73.82402,Entire home/apt,582.0,4,8,2018-07-27,0.09,8,365,0,64.66666666666667
21752534,"NEW LISTING! Modern, completely updated, LOCATION!",152762198,Allen,tenth ward,42.66045,-73.77833,Entire home/apt,67.0,3,181,2025-05-25,1.97,9,341,14,0.36813186813186816
21769213,Cozy downstairs bedroom in quiet neighborhood!,135717458,Chad,eleventh ward,42.66572,-73.77834,Private room,37.0,18,32,2025-02-28,0.35,3,310,7,1.121212121212121
21769439,Cozy upstairs room with (1) walk-in closet,135717458,Chad,eleventh ward,42.66703,-73.77842,Private room,35.0,18,26,2025-01-24,0.29,3,157,4,1.2962962962962963
22398196,Elegant Guest Suite in our beautiful Victorian!,98744672,Bela,ninth ward,42.65501,-73.78122,Private room,54.0,2,121,2025-04-11,1.34,8,330,15,0.4426229508196721
24120690,One Bedroom apartment with private entrance,156446839,Domini,fourteenth ward,42.65975,-73.81196,Private room,68.0,2,122,2024-09-07,1.4,1,32,1,0.5528455284552846
24606880,The Western Suite,98744672,Bela,ninth ward,42.65431,-73.78178,Private room,71.0,2,50,2025-05-03,0.62,8,324,9,1.392156862745098
25549565,Quiet and Pretty in the Heart of Center Square,9666970,Janet,sixth ward,42.65345,-73.7645,Entire home/apt,72.0,1,928,2025-05-24,10.88,1,134,110,0.077502691065662
25976514,City Feel - Green Room,31757246,Leiba,sixth ward,42.65333,-73.77293,Private room,93.0,3,14,2024-12-01,0.17,1,353,2,6.2
26139592,Garden Apartment in Ctr. Square: Monthly Discounts,6833937,Farah,sixth ward,42.65403,-73.76325,Entire home/apt,80.0,2,142,2025-06-07,1.7,1,327,30,0.5594405594405595
27670660,The Rock & Roll Suite,98744672,Bela,ninth ward,42.6543083190918,-73.78177642822266,Private room,54.0,2,26,2024-10-15,0.34,8,336,3,2.0
27692601,Albany Cozy home with fireplaces and Sunroom,202580880,Rosanne,eighth ward,42.64514,-73.80668,Entire home/apt,302.0,3,14,2022-10-08,0.17,1,188,0,20.133333333333333
28341274,Private room in historic building on the park,54394342,Alice,sixth ward,42.65821,-73.76917,Private room,75.0,1,92,2025-03-13,1.13,1,352,28,0.8064516129032258
28400263,Private Room in Historic Residential Home,15223767,Ed,ninth ward,42.65464,-73.78348,Private room,59.0,1,271,2025-05-11,3.39,3,94,22,0.21691176470588236
28722270,‚úçHistoric Loft Suite @ Downtown Albany,44434571,Earl,second ward,42.64535,-73.75365,Entire home/apt,81.0,1,691,2025-05-26,8.68,9,336,55,0.11705202312138728
28868857,‚≠êCozy Garden Suite Full Amenities @Downtown Albany,44434571,Earl,second ward,42.64535,-73.75365,Entire home/apt,56.0,1,628,2025-06-01,7.95,9,343,67,0.0890302066772655
28929840,"Spacious
private suite and private bath",194113768,Rachel,fourth ward,42.6737,-73.75313,Private room,70.0,1,7,2024-06-09,0.09,1,134,1,8.75
29605579,Funky Urban 1 Bedroom Apt w/ Parking in Center Sq,19648678,Terra,sixth ward,42.65235,-73.76714,Entire home/apt,82.0,2,107,2025-05-11,1.33,4,351,17,0.7592592592592593
30189794,Seashore Suite At The Inn on South Lake,98744672,Bela,ninth ward,42.6533,-73.78114,Private room,76.0,2,68,2024-05-19,0.88,8,344,0,1.1014492753623188
31210362,Nest in Hazel,160340958,Jon,fifteenth ward,42.67519,-73.82281,Private room,47.0,2,32,2025-05-27,0.41,1,237,5,1.4242424242424243
32279028,"Cosy, comfy and quiet for one",172223381,Diana,eighth ward,42.64936,-73.80278,Private room,93.0,1,213,2025-05-18,2.78,2,0,12,0.43457943925233644
32450400,Moroccan Sands,97330032,Sherrell,fourth ward,42.6761,-73.73825,Private room,104.0,3,1,2024-10-28,0.13,1,269,1,52.0
32993402,‚ú®Historic Full Amenities 2BR Apt @Downtown Albany,44434571,Earl,second ward,42.64563,-73.75311,Entire home/apt,86.0,1,448,2025-06-01,5.91,9,340,42,0.1915367483296214
33558235,"Historic, Spacious & Fun 2BR Apt @ Downtown Albany",44434571,Earl,second ward,42.64585,-73.75297,Entire home/apt,87.0,1,459,2025-06-01,6.14,9,334,48,0.1891304347826087
34330970,Muhammed Ali Lounge & Pool Hall ‚¨¢‚¨°,232967878,Diana,second ward,42.64335,-73.7579,Entire home/apt,118.0,1,318,2025-05-25,4.35,22,28,45,0.36990595611285265
35793179,Cozy Bedroom in Historic Residential Home,15223767,Ed,seventh ward,42.65259,-73.78223,Private room,50.0,1,198,2025-05-23,2.75,3,228,41,0.25125628140703515
35914565,The Poker Room ‚ô§ Downtown Albany,232967878,Diana,second ward,42.64506,-73.75727,Entire home/apt,89.0,1,308,2025-05-18,4.27,22,27,29,0.28802588996763756
36443605,Sophisticated Retreat: 2BR in heart of Albany,188679144,Elizabeth,thirteenth ward,42.66619,-73.79031,Entire home/apt,126.0,2,54,2024-08-14,0.75,8,365,2,2.290909090909091
38321579,Comfy and quiet,172223381,Diana,eighth ward,42.65085,-73.80239,Private room,53.0,1,422,2025-06-06,6.03,2,221,98,0.12529550827423167
39093517,Center Square Safe 2 Bedroom Long  Stay w/ Parking,299638115,Flerida,sixth ward,42.65507,-73.76138,Entire home/apt,104.0,2,44,2025-05-22,0.66,4,356,5,2.311111111111111
39698576,Spacious Designer 1-Bed Near Albany Med,188679144,Elizabeth,ninth ward,42.65483,-73.78033,Entire home/apt,110.0,5,24,2025-04-14,0.35,8,365,1,4.4
40491172,"Renovated, private parking,location, washer dryer!",152762198,Allen,thirteenth ward,42.66827,-73.79231,Entire home/apt,92.0,3,130,2025-05-21,1.94,9,314,22,0.7022900763358778
40828178,Comfortable! One Bedroom A/C Apartment Queen Bed,47491906,Lloyd,fourth ward,42.67773,-73.73899,Entire home/apt,121.0,1,173,2025-02-16,2.63,1,7,7,0.6954022988505747
41319631,Modern Carriage in the Heart of Albany,59864591,Daniel,sixth ward,42.65115,-73.7668,Entire home/apt,97.0,30,4,2023-01-06,0.08,1,0,0,19.4
42009788,Center Square Sanctuary: Private 2-Bedroom Gem,188679144,Elizabeth,sixth ward,42.65315,-73.76202,Entire home/apt,122.0,7,24,2024-12-24,0.37,8,365,2,4.88
42092736,Private Bedroom in Cozy Ranch Home,41400541,John,fourteenth ward,42.66403,-73.81446,Private room,52.0,1,187,2025-02-15,2.9,1,97,28,0.2765957446808511
42391372,Central Albany Apartment: Walk to State Capitol!,121680792,Evolve,second ward,42.6469,-73.75761,Entire home/apt,174.0,3,27,2022-10-27,0.45,5,9,0,6.214285714285714
42567833,Homey,339085327,Arkady,ninth ward,42.65567,-73.7854,Entire home/apt,183.0,70,0,,0.0,1,365,0,183.0
42763847,Charming dog friendly home with private yard!,649068,Anthony,first ward,42.63876,-73.78535,Entire home/apt,102.0,1,115,2025-06-03,1.84,1,223,19,0.8793103448275862
43208391,Classic & Homey 2BD/1BA Fl 2 Apt @ Downtown Albany,272907816,Angela,second ward,42.64453,-73.75426,Entire home/apt,87.0,2,112,2025-05-18,1.95,2,77,24,0.7699115044247787
43459803,Luxury 1 bedroom Apt in the heart of Center Square,299638115,Flerida,sixth ward,42.65556,-73.76205,Entire home/apt,114.0,2,18,2025-02-24,0.34,4,343,2,6.0
43736299,*The Blue House* Incredible 3 Bedroom Apartment,349460842,Scott,tenth ward,42.66257,-73.78281,Entire home/apt,93.0,1,131,2024-10-28,2.18,17,0,15,0.7045454545454546
43955950,* Quaint home located in residential neighborhood*,232967878,Diana,eighth ward,42.64383,-73.78926,Entire home/apt,248.0,2,91,2024-11-30,1.52,22,1,14,2.6956521739130435
44180048,Historic Queen Studio Across from Washington Park!,355777684,Lloyd,sixth ward,42.65935,-73.76805,Entire home/apt,102.0,1,370,2025-05-26,6.2,3,318,31,0.2749326145552561
44265426,Parkside Queen 1 Bedroom (1800's) Brownstone!,355777684,Lloyd,sixth ward,42.66006,-73.76966,Entire home/apt,103.0,1,302,2025-05-10,5.11,3,331,12,0.33993399339933994
44450012,Spacious upscale luxury apartment with huge yard,353498132,Michael,eighth ward,42.64808,-73.7996,Entire home/apt,146.0,13,26,2024-11-26,0.45,6,266,3,5.407407407407407
45024912,Private Apt Queen 1 Bed Sanctuary with many Extras,362851072,Elsa,fourteenth ward,42.66132,-73.7956,Entire home/apt,132.0,1,129,2025-01-12,2.21,1,221,4,1.0153846153846153
45074220,Secluded Studio Suite Fl 3 @ Downtown Albany,272907816,Angela,second ward,42.64454,-73.75369,Entire home/apt,67.0,1,40,2025-06-02,0.88,2,74,10,1.6341463414634145
45313545,Adorable & Trendy 1 Bd Apt Minutes to Albany Med!,165293595,Kori,ninth ward,42.6545,-73.78223,Entire home/apt,89.0,2,154,2025-05-22,2.72,1,247,29,0.5741935483870968
45528939,UNIQUE Gem in HEART of Albany ‚òÖ Spiral Staircase,47625981,Linda,second ward,42.64801,-73.75668,Entire home/apt,108.0,1,99,2025-02-16,1.86,18,176,6,1.08
45529316,WOW ‚òÖ Bright Apt ‚òÖ PRIME downtown Walk Everywhere,47625981,Linda,second ward,42.64821,-73.75793,Entire home/apt,108.0,1,122,2025-05-18,2.29,18,344,18,0.8780487804878049
45529447,‚òÖ 2 BEDROOM / 1 BATH TRENDY Apt ‚òÖ Downtown Albany,47625981,Linda,second ward,42.64713,-73.75628,Entire home/apt,117.0,1,144,2025-04-21,2.72,18,188,16,0.8068965517241379
46894493,Our Antique Bungalow,69789449,Dan,ninth ward,42.65311,-73.78525,Entire home/apt,152.0,1,257,2025-06-01,4.87,1,286,41,0.5891472868217055
47334913,"Newly renovated,Amazing Location,private parking",152762198,Allen,thirteenth ward,42.66646,-73.79184,Entire home/apt,92.0,3,93,2025-04-28,1.75,9,241,25,0.9787234042553191
47345872,Bright large 1 bdr loft in Center Sq -free parking,19648678,Terra,sixth ward,42.65345,-73.76663,Entire home/apt,96.0,1,65,2025-05-31,1.23,4,312,16,1.4545454545454546
47408047,"Quiet cozy apartment, private laundry, great spot!",152762198,Allen,fourteenth ward,42.67156,-73.80883,Entire home/apt,77.0,3,71,2025-05-26,1.36,9,313,20,1.0694444444444444
47440071,The Historic J. Buel Farmhouse - Luxury Suite Loft,382970529,Thomas,thirteenth ward,42.6692,-73.79849,Private room,90.0,1,172,2025-06-04,3.22,15,31,47,0.5202312138728323
47828453,Center Square Albany 2BR Apt w/Parking near all,299638115,Flerida,third ward,42.656,-73.76123,Entire home/apt,134.0,2,21,2025-02-27,0.4,4,310,3,6.090909090909091
47902629,"Renovated 2br/2ba, close to Alb Med & St. Petes.",21886921,David,thirteenth ward,42.66744,-73.79216,Entire home/apt,125.0,14,9,2025-05-22,0.18,2,300,2,12.5
47943571,Downtown Albany 1 Bed + Workstation @ Maiden Lane,385664127,Dillon,third ward,42.65118,-73.75274,Entire home/apt,95.0,2,168,2025-05-04,3.2,2,243,29,0.5621301775147929
48052353,*The Rustic Home* 3 Bedroom Second Floor Apartment,349460842,Scott,tenth ward,42.66261,-73.78332,Entire home/apt,201.0,1,167,2025-05-18,3.17,17,357,21,1.1964285714285714
48124042,Downtown Albany 2 Bedroom + Workstation @ The Mark,385664127,Dillon,third ward,42.64982,-73.7509,Entire home/apt,130.0,1,228,2025-05-12,4.88,2,142,40,0.5676855895196506
48172884,The Down Under Suite,98744672,Bela,ninth ward,42.65399,-73.78126,Private room,41.0,2,76,2025-03-06,1.46,8,280,15,0.5324675324675324
48470454,"/ New Giant Victorian \ 7beds 6 baths + 2x 85"" TVs",4259750,Peter,thirteenth ward,42.66526412963867,-73.78692626953125,Entire home/apt,511.0,2,44,2025-05-02,1.25,8,331,14,11.355555555555556
48599533,Capital View I,392074908,Jerry,sixth ward,42.65429,-73.75986,Entire home/apt,93.0,2,102,2025-05-17,2.19,3,166,3,0.9029126213592233
50088935,Quiet 2-bedroom condo in the heart of Albany,172658781,Jessica,thirteenth ward,42.66972,-73.79544,Entire home/apt,182.0,60,4,2022-11-30,0.09,2,308,0,36.4
50171851,Beautiful Center Square Garden-Level Unit,48490017,Todd,sixth ward,42.65157,-73.76546,Entire home/apt,93.0,2,190,2025-06-06,4.09,1,100,34,0.4869109947643979
50207226,‚òÖ RARE 1BR Apt with Character GREAT Location! W/D‚òÖ,47625981,Linda,fourth ward,42.65888,-73.74673,Entire home/apt,104.0,1,89,2025-05-25,1.83,18,196,16,1.1555555555555554
50211226,Cozy Studio By Washington Park | Walkable!,105597161,Katelyn,eleventh ward,42.66034,-73.77163,Entire home/apt,105.0,2,185,2025-06-06,4.42,1,11,25,0.5645161290322581
50354540,Heart of Center Square: Designer 2-Bed Retreat,188679144,Elizabeth,sixth ward,42.65333,-73.76402,Entire home/apt,135.0,3,16,2025-06-05,0.33,8,365,6,7.9411764705882355
50639032,"Sunny Queen bed, Quiet w/Beautiful Garden",172539578,David Yisrael,fifteenth ward,42.67945,-73.81647,Private room,93.0,3,46,2025-05-17,1.02,4,30,9,1.9787234042553192
50890336,"‚òÖCHIC, Renovated Brownstone‚òÖ in PRIME DT Albany",47625981,Linda,fourth ward,42.65901,-73.74748,Entire home/apt,108.0,1,45,2024-07-25,0.96,18,200,5,2.347826086956522
51230498,"Chic-romantic, center-city, hotel-style apartment.",414738935,Sonya,third ward,42.66064,-73.76074,Entire home/apt,65.0,1,255,2025-04-16,5.4,1,217,35,0.25390625
51461480,üçÉChic & Cozy Near Washington Park Garden Suite,416799784,Rosie,tenth ward,42.65969,-73.77564,Entire home/apt,89.0,7,28,2025-04-21,0.63,1,113,7,3.0689655172413794
51503537,Walk to Everything Downtown Albany! Luxury Apt!,394420519,All Seasons,third ward,42.65061,-73.75006,Entire home/apt,138.0,4,9,2024-09-09,0.2,1,262,1,13.8
51579900,‚òÖMODERN 1BR GREAT Location Downtown! W/D Parking!‚òÖ,47625981,Linda,fourth ward,42.65856,-73.74866,Entire home/apt,99.0,1,78,2025-05-25,1.68,18,194,10,1.2531645569620253
51592836,Lovely 1 Bedroom Unit In Historic Brownstone!,60293220,David,third ward,42.65844,-73.74978,Entire home/apt,89.0,2,90,2025-05-26,2.02,3,337,13,0.978021978021978
51710034,Empire Plaza View I,392074908,Jerry,sixth ward,42.65269,-73.76076,Entire home/apt,93.0,2,43,2025-05-14,0.93,3,334,9,2.1136363636363638
51954621,Queen bed w/garden hammocks & home gym,172539578,David Yisrael,fifteenth ward,42.67812,-73.81724,Private room,45.0,3,11,2025-03-04,0.25,4,220,1,3.75
52152157,"Modern space, everything you could want!",152762198,Allen,first ward,42.63066,-73.77357,Entire home/apt,96.0,3,72,2025-06-01,1.6,9,145,17,1.3150684931506849
52241973,Garden Apartment in Historic Center Square Home,35465673,Jason,sixth ward,42.65641,-73.76413,Entire home/apt,75.0,1,320,2025-05-22,7.21,1,61,83,0.2336448598130841
52611613,* Adorable home w/parking near great restaurants *,232967878,Diana,ninth ward,42.65674,-73.79221,Entire home/apt,149.0,2,135,2025-05-17,3.04,22,224,25,1.0955882352941178
52619545,* Centrally located Eclectic vibe 2 bed w/parking,232967878,Diana,thirteenth ward,42.67102,-73.79454,Entire home/apt,106.0,2,89,2025-05-17,1.99,22,25,17,1.1777777777777778
52691284,+ Perfect place to make memories with loved ones +,232967878,Diana,tenth ward,42.66236,-73.79245,Entire home/apt,476.0,2,90,2025-05-11,2.03,22,240,22,5.230769230769231
52836323,*Hidden gem w/in walking distance to Madison Ave *,232967878,Diana,thirteenth ward,42.67242,-73.79292,Entire home/apt,120.0,1,85,2024-11-16,2.02,22,1,14,1.3953488372093024
52837196,‚òÖMODERN 1BR Apt w/ PRIVATE deck! W/D‚òÖ,47625981,Linda,fourth ward,42.65812,-73.74837,Entire home/apt,104.0,1,76,2025-05-26,1.72,18,196,12,1.3506493506493507
52863776,Washington Parkside 1 Bedroom In 1800s Brownstone!,355777684,Lloyd,sixth ward,42.65826,-73.76944,Entire home/apt,105.0,1,205,2025-05-18,4.66,3,289,41,0.5097087378640777
52923647,Cozy 3BR House in Whitehall near DT Albany,428451585,Erwin,eighth ward,42.64792,-73.79953,Entire home/apt,257.0,3,0,,0.0,1,364,0,257.0
53312101,* 1 bed near Times Union center & Egg w/parking *,232967878,Diana,second ward,42.64369,-73.7581,Entire home/apt,78.0,2,62,2025-05-17,1.43,22,21,13,1.2380952380952381
53483727,Spacious Urban APT w/4BR & Office in Albany,433096110,Brian,fourteenth ward,42.65824,-73.80114,Entire home/apt,205.0,1,158,2025-04-16,3.78,3,249,35,1.2893081761006289
53567589,Private Garden Apt in Downtown Albany|Pets Allowed,433096110,Brian,sixth ward,42.65204,-73.76655,Entire home/apt,98.0,1,269,2025-06-06,6.33,3,339,62,0.362962962962963
53645427,‚òÖ BEAUTIFUL  2 BED 2 BATH  w/ SOAKER TUB + W/D‚òÖ,47625981,Linda,fourth ward,42.65913,-73.74722,Entire home/apt,135.0,1,119,2025-05-25,2.8,18,175,29,1.125
53860077,/ Sauna Garden Getaway\ 1943 SUNY Eagle Hill,4259750,Peter,fifteenth ward,42.674675,-73.822861,Entire home/apt,343.0,1,40,2025-04-14,1.02,8,335,19,8.365853658536585
53971505,Charming 1 Bdrm Garden Apt in Historic Brownstone,60293220,David,fourth ward,42.65873,-73.7494,Entire home/apt,93.0,13,3,2022-12-31,0.08,3,364,0,23.25
54097694,B Unieke,438504176,Roland,second ward,42.64683,-73.75662,Entire home/apt,300.0,1,0,,0.0,1,365,0,300.0
54126420,Beautiful 1 bedroom in a quiet residential area.,37769478,Erion,tenth ward,42.66261,-73.79026,Entire home/apt,83.0,1,105,2025-05-08,2.88,11,358,27,0.7830188679245284
54126421,Beautiful Apartment in the heart of Albany,37769478,Erion,sixth ward,42.65422,-73.76996,Entire home/apt,110.0,1,69,2025-03-12,1.77,11,329,9,1.5714285714285714
54126427,Beautiful 1 bedroom In the heart of Albany,37769478,Erion,sixth ward,42.65403,-73.77056,Entire home/apt,92.0,1,133,2025-05-23,3.19,11,340,31,0.6865671641791045
54128829,Modern & Cozy Cntr Square Townhouse Gem from 1854,265709295,Richard And Priscela,sixth ward,42.65594,-73.76591,Entire home/apt,144.0,1,243,2025-05-18,6.04,2,325,40,0.5901639344262295
54150131,Charming 170-Year-Old Home in the Heart of Albany,432936385,Jared,sixth ward,42.65143,-73.76497,Entire home/apt,164.0,1,224,2025-05-25,5.7,1,303,82,0.7288888888888889
54369238,"Cozy townhouse, close to hospital, free parking!",152762198,Allen,ninth ward,42.65578,-73.78641,Entire home/apt,97.0,3,56,2025-06-01,1.7,9,233,25,1.7017543859649122
54369240,Lovely 1 bedroom rental close to Alb Med!,152762198,Allen,tenth ward,42.65905,-73.77964,Entire home/apt,77.0,3,57,2025-05-20,1.54,9,325,13,1.3275862068965518
559249822516788574,Cozy 1 bedroom with office and luxurious King size,433884293,Uniah,ninth ward,42.66062,-73.79112,Entire home/apt,68.0,6,2,2023-06-26,0.06,1,363,0,22.666666666666668
581057744765912905,‚óÜUNIQUE‚óÜ spacious LOFT with photo studio w/d!,47625981,Linda,third ward,42.65848,-73.76359,Entire home/apt,92.0,1,45,2025-03-23,1.15,18,358,6,2.0
588298411730694861,Modern one bedroom with free off street parking,353498132,Michael,second ward,42.64441,-73.75647,Entire home/apt,118.0,13,13,2024-11-09,0.36,6,302,2,8.428571428571429
593272120497643087,The Historic J. Buel Farmhouse - Luxury Suite,382970529,Thomas,thirteenth ward,42.66911,-73.79869,Private room,96.0,1,123,2025-06-05,3.45,15,46,25,0.7741935483870968
597655328370142613,Newly refurbished 2 bedroom close to Lark,30920241,Miri,sixth ward,42.65314,-73.76787,Entire home/apt,214.0,60,11,2024-10-28,0.29,2,90,3,17.833333333333332
617242073954595468,Iconic City Center Apt in Downtown | Pets Allowed,433096110,Brian,sixth ward,42.65353,-73.7679,Entire home/apt,98.0,1,177,2025-05-26,4.7,3,321,46,0.550561797752809
618673322156725003,"Huge loft with a king bed, balcony and park views",2554853,Nim,sixth ward,42.65547943115234,-73.76625061035156,Entire home/apt,135.0,5,8,2025-02-18,0.25,1,260,2,15.0
619695112394148331,Modern luxury one bedroom with off street parking,353498132,Michael,second ward,42.64489,-73.75731,Entire home/apt,133.0,13,10,2024-08-01,0.28,6,307,2,12.090909090909092
620480926228934988,"Lovely renovated, 2-bedroom home with free parking",457678547,Najeem Adegbemiga,seventh ward,42.640217,-73.780815,Entire home/apt,133.0,2,16,2024-07-22,0.47,1,165,1,7.823529411764706
628163387057233327,‚òÖSPACIOUS 1BR Apt w/ Character 10ft Ceilings W/D!‚òÖ,47625981,Linda,second ward,42.64528,-73.75861,Entire home/apt,99.0,1,57,2025-05-27,1.56,18,192,14,1.706896551724138
628824127129967353,Clean lines and accessible Convenient Location!,7164949,Jordan,third ward,42.66169974831227,-73.76466827605744,Private room,58.0,2,0,,0.0,1,88,0,58.0
631035244220396236,‚òÖPRIVATE 1 BDRM Newly Renovated Apt W/D Patio‚òÖ,47625981,Linda,second ward,42.64558,-73.75928,Entire home/apt,98.0,1,57,2025-05-23,1.54,18,262,10,1.6896551724137931
634108143238179968,Perfect for Families and Traveling Professionals,119340359,Lori,sixth ward,42.65323,-73.76797,Entire home/apt,93.0,30,101,2024-07-28,2.75,2,0,5,0.9117647058823529
649973892551492641,Modern luxury studio with free off street parking,353498132,Michael,second ward,42.64625,-73.75663,Entire home/apt,90.0,14,8,2024-11-26,0.23,6,84,3,10.0
653433851241162365,Lovely apartment in heart of Albany,1761578,Grant,sixth ward,42.65389,-73.76538,Entire home/apt,130.0,2,6,2024-10-21,0.22,3,216,3,18.571428571428573
654302747324294105,‚òÖ Private 1 bdrm w/ backyard access ‚òÖ In-unit W/D,47625981,Linda,fourth ward,42.65752,-73.74743,Entire home/apt,104.0,1,51,2024-12-01,1.45,18,359,8,2.0
658160753231817095,Lovely artist 1 bedroom apartment close to LARK,30920241,Miri,sixth ward,42.65128,-73.7686,Entire home/apt,93.0,28,1,2024-06-28,0.09,2,63,1,46.5
658638185191740358,CHEERFULL 3 BEDROOM HOME WITH FREE PARKING.,466389096,Patrice,first ward,42.6374547,-73.7716647,Entire home/apt,140.0,7,5,2023-09-22,0.14,2,312,0,23.333333333333332
662132809952482192,Beautiful 4 bedroom house Large eat in kitchen,466389096,Patrice,first ward,42.6378819,-73.7715269,Entire home/apt,125.0,14,2,2024-08-12,0.06,2,359,1,41.666666666666664
667644674529935702,Pied-a-terre albany,439560254,Sean,sixth ward,42.65541380925019,-73.76367520540953,Entire home/apt,109.0,2,103,2025-05-26,2.95,1,164,25,1.0480769230769231
668608096674070882,The Historic J. Buel Farmhouse-  Rose Feather Room,382970529,Thomas,fourteenth ward,42.66758,-73.7992,Private room,60.0,1,136,2025-05-23,3.85,15,44,34,0.43795620437956206
668608486588067880,The Historic J. Buel Farmhouse - Silk Hearth Room,382970529,Thomas,fourteenth ward,42.66764,-73.79908,Private room,74.0,1,114,2025-05-25,3.24,15,51,27,0.6434782608695652
677623197606854496,**New Listing! Modern 2 bdrm Apt in Mansion Area!,203631769,Johnny,second ward,42.64531,-73.75963,Entire home/apt,93.0,2,28,2023-09-29,0.82,1,0,0,3.206896551724138
681952268271889535,Albany-2 bedrooms apt (1st fl) A&A-Sisters Rental,461579260,Md,second ward,42.646896,-73.757612,Entire home/apt,181.0,1,3,2024-03-31,0.11,2,160,0,45.25
687496906843024117,Albany-3 bedrooms apt (2nd fl) A&A-Sisters Rental,461579260,Md,second ward,42.64621,-73.75723,Entire home/apt,198.0,1,4,2023-05-28,0.12,2,0,0,39.6
689719338468663432,"Elegant, spacious studio apt in historic mansion",1717342,David,sixth ward,42.65405765037151,-73.76071299629517,Entire home/apt,84.0,1,266,2025-05-31,7.78,2,317,88,0.3146067415730337
692807914756117019,Relax in Style by Washington Park - Free Parking,67337944,Rabia,eleventh ward,42.6623,-73.777,Entire home/apt,104.0,31,104,2025-02-23,3.49,1,157,18,0.9904761904761905
703551649845095095,Cozy Albany Home,3650672,Zuhair,thirteenth ward,42.67075,-73.79704,Entire home/apt,158.0,3,4,2025-05-09,0.38,1,156,4,31.6
704544922160063127,Cozy 1 Bedroom Apt in  desirable Albany locale,58406953,Nicholas,thirteenth ward,42.67485,-73.79867,Entire home/apt,82.0,2,3,2025-05-10,0.09,1,85,1,20.5
705660262559003663,Luxurious one bedroom with off-street parking,353498132,Michael,second ward,42.64577,-73.7583,Entire home/apt,109.0,13,8,2025-05-02,0.27,6,307,4,12.11111111111111
717373135846408345,Centrally located 2 bed w/ off street parking,232967878,Diana,thirteenth ward,42.67261,-73.79262,Entire home/apt,137.0,1,65,2025-05-18,2.04,22,29,30,2.0757575757575757
723956857052424266,"Modern home, King Bed 4 bed 2bath, Crib, parking",10279606,Noriyuki,ninth ward,42.65691,-73.78389,Entire home/apt,151.0,1,232,2025-05-26,7.44,3,312,80,0.648068669527897
724566770267420045,Cozy Greenwood Flat (1 BDR Apartment in Albany),360287870,Mela,sixth ward,42.6513719,-73.7673156,Entire home/apt,101.0,2,64,2025-05-28,2.97,1,310,31,1.5538461538461539
733964865705013296,Historic 1 bed/ 1 bath,502037254,Andrew,sixth ward,42.65035,-73.76549,Entire home/apt,68.0,14,1,2023-03-26,0.04,3,295,0,34.0
735879623743921266,Modern & Homey 1BD/1BA Fl 1 Apt @ Downtown Albany,44434571,Earl,third ward,42.64564,-73.75261,Entire home/apt,80.0,1,79,2025-06-02,2.49,9,327,29,1.0
737574278276037589,4 bed all on one floor,232967878,Diana,tenth ward,42.66069,-73.78555,Entire home/apt,157.0,1,46,2025-03-02,1.47,22,8,8,3.3404255319148937
739722503092755616,Adirondack Suite #1,98744672,Bela,ninth ward,42.6543178,-73.7818222,Private room,60.0,2,38,2025-05-25,1.19,8,346,14,1.5384615384615385
743600140734706394,Cozy apartment 2min walk to Albanymed office space,484673863,Michaela,ninth ward,42.65569,-73.77685,Entire home/apt,90.0,2,17,2025-05-23,0.57,3,329,11,5.0
744430701454304507,"1 Bedroom on Lincoln Park, near Lark and Downtown",65414985,James,seventh ward,42.6496,-73.76792,Entire home/apt,77.0,2,32,2025-05-31,1.22,2,341,19,2.3333333333333335
750748704706045644,Clean Escape- Centrally located- Self Check-In,255839958,Kira,seventh ward,42.64284,-73.77997,Entire home/apt,107.0,1,17,2024-08-06,0.55,1,251,1,5.944444444444445
751421033442627559,Modern- Cozy Center City 2 Bedroom Apartment Style,486073806,Keneisha,fifth ward,42.66648,-73.76831,Entire home/apt,115.0,2,27,2025-02-16,0.96,1,351,8,4.107142857142857
752118894541630543,Cozy luxury brownstone w/ parking & yard,258664571,Vorakij,second ward,42.64439384900326,-73.75975701534425,Entire home/apt,156.0,2,84,2025-05-10,3.02,2,332,31,1.8352941176470587
752337379205662422,Penthouse Brownstone w/ luxury amenities,258664571,Vorakij,second ward,42.6444412,-73.75971410000001,Entire home/apt,97.0,2,88,2025-05-18,3.36,2,351,45,1.0898876404494382
756752556396798800,Private Room in the Center of the Albany,69729286,Musab,sixth ward,42.65259,-73.76732,Private room,47.0,5,17,2025-02-27,0.57,2,231,2,2.611111111111111
757342235277207834,Elegant Studio in Center Square,188679144,Elizabeth,sixth ward,42.65534,-73.76461,Entire home/apt,65.0,7,14,2025-03-31,0.45,8,158,2,4.333333333333333
757978037279611051,Charming location near universities & hospital,232967878,Diana,thirteenth ward,42.67261,-73.79262,Entire home/apt,140.0,2,51,2025-05-25,1.83,22,16,20,2.6923076923076925
761141715827746314,"Great place in the heart of Albany, with Parking",37769478,Erion,sixth ward,42.65405,-73.76953,Entire home/apt,98.0,1,45,2025-05-03,1.49,11,262,12,2.130434782608696
764508866835218670,Rest+Restore Room ‚Ä¢ Short & Extended Stay ‚Ä¢,6203319,Melissa,tenth ward,42.66117,-73.79091,Private room,77.0,1,31,2025-01-16,1.01,2,54,20,2.40625
770934454668024322,Albany 2 Bedroom House,48328222,John,fourteenth ward,42.6631926,-73.8153245,Entire home/apt,93.0,1,12,2025-05-18,1.49,1,0,12,7.153846153846154
774701102203414342,Entire cozy unit in Albany,261036923,Hasan,fourteenth ward,42.6601,-73.80719,Entire home/apt,63.0,1,62,2025-05-21,2.09,1,250,17,1.0
784781397995494758,Private bedroom and private bath w/separate entry,491907850,Donna,fourteenth ward,42.66298,-73.81361,Private room,46.0,1,18,2025-06-06,0.64,1,64,5,2.4210526315789473
786181179052991690,Center Square Gem: Junior 1 Bedroom,188679144,Elizabeth,third ward,42.65653,-73.76223,Entire home/apt,97.0,1,3,2024-01-27,0.13,8,361,0,24.25
786196811078165173,Mansion in Albany 7minutes to Downtown Albany,444163492,Drasana,fourth ward,42.67996,-73.75352,Entire home/apt,93.0,30,13,2024-02-25,0.46,1,0,0,6.642857142857143
786228331433922432,Glamorous 1BR Retreat in Center Square,188679144,Elizabeth,sixth ward,42.65322,-73.76249,Entire home/apt,128.0,7,4,2024-11-09,0.19,8,356,1,25.6
786316043239579100,Elegant newly renovated cozy smart apartment,253824490,Tomar,fifth ward,42.6591503133547,-73.75431932508945,Entire home/apt,86.0,2,36,2024-09-09,1.26,1,253,3,2.324324324324324
787023821243442039,*The Allen House* Gorgeous Apartment - Sleeps 8,349460842,Scott,fourteenth ward,42.6653,-73.7943,Entire home/apt,227.0,1,110,2025-05-25,3.96,17,341,46,2.045045045045045
788301415655396660,Spacious 2 bed w/parking,232967878,Diana,second ward,42.64409,-73.75709,Entire home/apt,128.0,1,67,2025-05-17,2.26,22,0,20,1.8823529411764706
794723189688979530,Newly Renovated| Washer&Dryer|5G Wifi,20144241,Carla,fifth ward,42.67283,-73.77367,Entire home/apt,91.0,3,14,2025-04-27,0.56,1,297,7,6.066666666666666
795541666227926706,Mads Mansion -Victorian Mansion on Washington Park,493882819,Terra,ninth ward,42.656329,-73.7752048,Entire home/apt,821.0,1,5,2024-08-18,0.22,6,144,3,136.83333333333334
796231143904004713,Mads Mansion - Room 4,493882819,Terra,ninth ward,42.65582,-73.77541,Private room,93.0,1,12,2024-12-01,0.52,6,173,4,7.153846153846154
797455132224782470,Alb Medical/colleges/Dtwn Albany Room O,89705052,Share,tenth ward,42.65741,-73.78034,Private room,56.0,2,14,2024-09-30,0.49,2,111,3,3.7333333333333334
802216634798169031,Mads Mansion - Room 6,493882819,Terra,sixth ward,42.65751,-73.77409,Private room,163.0,1,6,2024-10-13,0.27,6,178,1,23.285714285714285
803604897479679272,3br/2ba Near Alb Med & St.Petes.,21886921,David,fourteenth ward,42.66691,-73.79338,Entire home/apt,125.0,14,3,2024-11-09,0.12,2,330,2,31.25
803682039097862541,Modern and Cozy Pine Hills Home from Early 1900s,265709295,Richard And Priscela,thirteenth ward,42.6702921,-73.7907283,Entire home/apt,146.0,1,20,2025-05-20,1.35,2,308,14,6.9523809523809526
803814397190632412,Mads Mansion - Room 5,493882819,Terra,ninth ward,42.656329,-73.775205,Private room,132.0,1,6,2024-10-11,0.26,6,177,2,18.857142857142858
803867986023966300,Mads Mansion - Room 1,493882819,Terra,ninth ward,42.656329,-73.775205,Private room,128.0,1,9,2024-10-29,0.39,6,174,2,12.8
809524698302742033,Two bedroom apartment near hospitals pet friendly,172658781,Jessica,ninth ward,42.65613971519499,-73.79212237894535,Entire home/apt,86.0,30,1,2025-05-04,0.81,2,109,1,43.0
813640070361665090,The front room w/ TV and king size bed,116935236,Felicisimo,thirteenth ward,42.67144,-73.79033,Private room,45.0,7,17,2025-06-07,0.75,5,356,7,2.5
816085193659797849,Cozy Apartment across the Park,37769478,Erion,sixth ward,42.65258,-73.76917,Entire home/apt,92.0,1,40,2025-05-13,1.41,11,348,10,2.2439024390243905
821566342267452838,COMFY Room/w Private BATH + TV,177073982,Cristian,fourteenth ward,42.66109,-73.80479,Private room,52.0,2,3,2023-11-30,0.11,2,250,0,13.0
823275570359807298,Cozy Home 5 Minute Walk to Albany Medical Center,500360485,Manjano,sixth ward,42.65184,-73.77074,Entire home/apt,93.0,7,0,,0.0,1,0,0,93.0
826301775871257033,2 br apt 2 min walk to albanymed offstreet parking,484673863,Michaela,ninth ward,42.65613,-73.77469,Entire home/apt,91.0,1,32,2025-06-01,1.14,3,348,15,2.757575757575758
831122937768017113,Boho-Chic Cape Conveniently Located,210596861,Craig,fifteenth ward,42.67076,-73.82612,Entire home/apt,246.0,2,103,2025-06-07,3.76,1,330,40,2.3653846153846154
841524382518312215,Mellow Cove,462042479,Natasha,sixth ward,42.66008,-73.76977,Entire home/apt,137.0,3,6,2024-07-09,0.28,2,356,2,19.571428571428573
841524433909352403,Cozy Cove Away From Home,462042479,Natasha,sixth ward,42.65987,-73.77025,Entire home/apt,120.0,3,12,2023-12-03,0.5,2,357,0,9.23076923076923
843481456379840308,Center Square Serenity: 2-Bedroom Elegance,188679144,Elizabeth,sixth ward,42.65483,-73.76353,Entire home/apt,122.0,1,2,2023-09-04,0.07,8,337,0,40.666666666666664
845960193409947556,Modern Cottage-Perfect for Families!,268741708,Antoinette,first ward,42.63504,-73.79833,Entire home/apt,320.0,2,116,2025-06-08,4.31,1,159,50,2.735042735042735
846586211673806912,Spacious Home Away from Home!,49372011,Philip,twelfth ward,42.67336,-73.78619,Entire home/apt,221.0,3,19,2025-01-24,0.72,1,158,4,11.05
849460179246794510,Your luxury home away from home,1761578,Grant,sixth ward,42.65432,-73.76531,Entire home/apt,270.0,2,2,2025-02-17,0.13,3,155,1,90.0
850173470105833039,Stunning Guest Suite in Historic 1874 Row House,120815848,Phat,second ward,42.6446,-73.75885,Private room,86.0,1,174,2025-06-07,6.57,1,327,83,0.49142857142857144
850653820133738660,"Plum room, private queen near hospitals, UAlbany",20536619,Emily,thirteenth ward,42.67177,-73.79464,Private room,61.0,4,16,2025-05-22,0.71,8,85,10,3.588235294117647
857981934159027424,Updated Historic Brownstone Apt.,60293220,David,third ward,42.65817,-73.74935,Entire home/apt,89.0,2,22,2025-05-17,0.88,3,347,8,3.869565217391304
870457209918967324,Quiet Room Near Everything,177073982,Cristian,fourteenth ward,42.66128,-73.80548,Private room,52.0,3,4,2024-03-02,0.19,2,280,0,10.4
881231954286264195,Exposed Brick with Park Views,37769478,Erion,sixth ward,42.65379,-73.76901,Entire home/apt,100.0,1,20,2025-04-11,0.78,11,280,12,4.761904761904762
882229561343619620,Modern / Downtown Albany 1 BR APT,512736975,Miguelino,tenth ward,42.6599733,-73.7747433,Entire home/apt,64.0,2,61,2025-02-15,2.43,1,253,18,1.032258064516129
887167811237271928,The Comfort II,459472925,Gabriel,third ward,42.66246,-73.76576,Private room,36.0,1,27,2025-05-16,1.1,2,353,8,1.2857142857142858
887179061681202083,The Comfort,459472925,Gabriel,third ward,42.6628771,-73.76534029999999,Private room,46.0,1,29,2024-11-15,1.16,2,356,14,1.5333333333333334
898743867240851780,"Airy 5Br-2Ba,Kids Rm, 6TVs,Pvt Fence-yard&Parking!",516414095,Rashawn,tenth ward,42.66087,-73.78655,Entire home/apt,200.0,2,53,2025-05-25,2.2,1,250,14,3.7037037037037037
902166216060824525,2 bdrm Modern & Hip Apt w/ Patio,47625981,Linda,seventh ward,42.64787,-73.76707,Entire home/apt,140.0,1,49,2025-02-26,2.04,18,345,13,2.8
902326803627859755,"""The LEO Home"" Private Bedroom 4",349460842,Scott,tenth ward,42.66174,-73.78325,Private room,70.0,30,0,,0.0,17,288,0,70.0
904392960639597224,/Luxury Modern Western Hideout\,4259750,Peter,thirteenth ward,42.6652959,-73.7868778,Entire home/apt,239.0,1,18,2024-12-08,0.74,8,269,4,12.578947368421053
905007131419044966,*The Red House* 4 Bedrooms‚Ä¢Beautifully Renovated,349460842,Scott,tenth ward,42.66217,-73.78299,Entire home/apt,203.0,1,66,2025-05-25,2.84,17,353,34,3.029850746268657
917510613914219375,"R&R | Hospitals, Colleges + Politics",6203319,Melissa,tenth ward,42.66261,-73.79158,Private room,93.0,1,10,2024-09-29,0.43,2,0,3,8.454545454545455
919055506310955442,Room for rent,502751555,Grace,fifth ward,42.67292,-73.7776,Private room,93.0,1,0,,0.0,1,364,0,93.0
921076441920995839,Work hard! Play hard!,521669673,Kody,third ward,42.6586,-73.75743,Entire home/apt,103.0,14,3,2024-12-21,0.13,3,248,1,25.75
928948908785846870,Newly Renovated Gem in Melrose - Pet Friendly,441054845,Thaddeus,thirteenth ward,42.67066,-73.79571,Entire home/apt,63.0,1,67,2025-05-22,2.95,2,180,38,0.9264705882352942
932618854176539492,Cozy space all on 1 floor close to U Albany,232967878,Diana,thirteenth ward,42.67261,-73.79264,Entire home/apt,143.0,1,43,2025-05-19,1.86,22,29,26,3.25
932642358896439621,Stylish top floor apt w/parking,232967878,Diana,thirteenth ward,42.67224,-73.79301,Entire home/apt,106.0,1,41,2025-04-13,1.79,22,25,22,2.5238095238095237
934035097653060273,Mads Mansion - Room 7,493882819,Terra,sixth ward,42.65655,-73.77434,Private room,93.0,1,8,2024-10-06,0.35,6,0,3,10.333333333333334
937837897631191844,Hudson 2 at The Argus Hotel,526358730,Argus,sixth ward,42.65867,-73.77479,Private room,165.0,1,2,2023-12-31,0.09,12,233,0,55.0
937838302933205871,Hudson 1 at The Argus Hotel,526358730,Argus,eleventh ward,42.6606,-73.77284,Private room,155.0,1,7,2024-10-16,0.34,12,233,2,19.375
937917144482762419,Hudson 3 ADA at The Argus Hotel,526358730,Argus,tenth ward,42.65908,-73.77456,Private room,165.0,1,7,2025-02-11,0.31,12,241,3,20.625
937927979762952955,Hudson 4 at The Argus Hotel,526358730,Argus,tenth ward,42.66043,-73.77432,Private room,165.0,1,2,2024-10-12,0.21,12,239,2,55.0
937935210290408974,Hudson 5 at The Argus Hotel,526358730,Argus,sixth ward,42.65847,-73.77272,Private room,165.0,1,6,2025-05-03,0.3,12,239,4,23.571428571428573
937943638262956751,Whalen 1 Suite at The Argus Hotel,526358730,Argus,sixth ward,42.65908,-73.77326,Private room,93.0,1,2,2024-10-06,0.11,12,197,1,31.0
937959604296602771,Whalen 2 Deluxe at The Argus Hotel,526358730,Argus,tenth ward,42.66003,-73.7732,Private room,93.0,1,0,,0.0,12,238,0,93.0
937966967490420635,Whalen 3 at The Argus Hotel,526358730,Argus,sixth ward,42.65857,-73.7744,Private room,93.0,1,0,,0.0,12,238,0,93.0
938260134617291567,Whalen 4 at The Argus Hotel,526358730,Argus,sixth ward,42.65893,-73.77448,Private room,93.0,1,0,,0.0,12,242,0,93.0
938266199766701429,Knickerbocker 1 The Argus Hotel,526358730,Argus,tenth ward,42.66037,-73.77327,Private room,169.0,1,0,,0.0,12,236,0,169.0
938271786418327576,Knickerbocker 3 The Argus Hotel,526358730,Argus,sixth ward,42.65868,-73.77333,Private room,93.0,1,0,,0.0,12,242,0,93.0
938280419686165005,Historic Carriage House  in Washington Park,526358730,Argus,tenth ward,42.66036,-73.7729,Entire home/apt,313.0,1,16,2025-01-01,0.72,12,217,7,18.41176470588235
938421117122010799,"The backroom with TV, Queen bed and extra futon",116935236,Felicisimo,eleventh ward,42.6708367,-73.7853116,Private room,50.0,7,25,2025-04-18,1.09,5,362,11,1.9230769230769231
938431811499141903,The little room with TV and twin bed,116935236,Felicisimo,thirteenth ward,42.66974,-73.78611,Private room,39.0,5,34,2025-06-01,1.48,5,332,14,1.1142857142857143
938475906652462790,Colorful and eclectic apartment,132766782,Kelly,twelfth ward,42.67398,-73.79126,Entire home/apt,162.0,3,9,2025-02-17,0.65,1,268,7,16.2
940012438497375577,Sunny King bed w private luxurious bath & garden,172539578,David Yisrael,fifteenth ward,42.68001107488553,-73.81705995884008,Private room,58.0,3,6,2025-04-09,0.27,4,38,3,8.285714285714286
942750363293463100,The spacious room w/ tv dresser/desk,116935236,Felicisimo,eleventh ward,42.67034,-73.7851,Private room,54.0,7,19,2025-06-01,1.11,5,297,12,2.7
950211425725610511,"Historic, Spacious Mansion Suite",1717342,David,sixth ward,42.6541815,-73.76086049999999,Entire home/apt,104.0,1,172,2025-05-22,7.81,2,304,90,0.6011560693641619
950613505102507073,A beautiful cozy home,529844022,Shirin,first ward,42.63855,-73.76927,Entire home/apt,93.0,1,0,,0.0,1,0,0,93.0
957914480227791276,"2 bedroom+home office, private parking & backyard",217254883,Ermenita,ninth ward,42.6549886,-73.79390939999999,Entire home/apt,126.0,1,118,2025-05-21,5.36,1,88,60,1.0588235294117647
958199983873241221,Oasis Garden Apt w/Queen Bed,172539578,David Yisrael,fifteenth ward,42.678962799458816,-73.81724461913109,Entire home/apt,116.0,3,19,2024-12-17,1.01,4,246,12,5.8
963920695464462572,Comfy studio in heart of Albany,189586864,Justin,sixth ward,42.65241,-73.77002,Entire home/apt,89.0,1,100,2025-05-30,4.61,1,352,66,0.8811881188118812
965313684808466476,Historic Brownstone in Downtown Albany,533703131,Abel,third ward,42.65665876086533,-73.74939680099487,Entire home/apt,93.0,1,6,2025-05-10,2.9,1,0,6,13.285714285714286
966287799980701967,"Modern 2-bed Apt / Hospitals, SUNY, State Office",374765317,Tanjin,fifteenth ward,42.67059,-73.81678,Entire home/apt,136.0,28,21,2025-01-01,1.01,1,144,14,6.181818181818182
969886763377526954,Abba House historic Retreat - 1st Floor Queen Bed,382970529,Thomas,fourteenth ward,42.66877,-73.79927,Private room,55.0,1,123,2025-06-01,6.29,15,320,108,0.4435483870967742
980034348801186320,Chic Madison Parkview,241123402,JShing,sixth ward,42.65312775001394,-73.76950465142727,Entire home/apt,91.0,1,25,2025-05-28,1.24,1,300,14,3.5
983306819910081094,The House That Pat Built,114183978,Tyrell,fifth ward,42.66628,-73.76512,Entire home/apt,116.0,2,4,2024-04-18,0.2,1,76,0,23.2
989010058281318863,Modern 1BR in a great location,75667477,Ahmad,third ward,42.65515515851637,-73.76052582647431,Entire home/apt,77.0,30,7,2025-04-20,0.34,1,218,5,9.625
992119832780871644,Two bedroom close to colleges!,152762198,Allen,fourteenth ward,42.67098,-73.80695,Entire home/apt,100.0,3,18,2025-05-19,0.88,9,239,6,5.2631578947368425
992554549672159765,"Beautiful  5 bedrm , 3.5 bathroom, private parking",476189412,Timothy,seventh ward,42.64485687096462,-73.77281881169621,Entire home/apt,222.0,2,9,2025-05-25,0.55,1,45,3,22.2
993431459821117738,Albany 3 Bedroom Apt. Sleeps 6,309980121,Ron,sixth ward,42.65623,-73.7641152,Entire home/apt,93.0,14,12,2024-02-29,0.6,1,0,0,7.153846153846154
999161887055542119,"Spacious Apartment Downtown Albany, NY",531209536,Amar,third ward,42.65762,-73.75116,Entire home/apt,90.0,1,35,2025-06-01,1.75,2,191,24,2.5
1004978540001566331,Elegant Albany Retreat | Mins to D/T & UAlbany,31318080,Cindy,eighth ward,42.6555,-73.81066,Entire home/apt,163.0,2,55,2025-05-26,3.44,1,223,45,2.9107142857142856
1005978346817864540,Massive 4BD/3BA 2-Fl Townhouse Apt Downtown Albany,44434571,Earl,second ward,42.64534889999999,-73.75364650000002,Entire home/apt,196.0,1,64,2025-06-03,3.25,9,342,44,3.0153846153846153
1007354086435981132,Top floor w/off street parking,232967878,Diana,tenth ward,42.66091,-73.78453,Entire home/apt,93.0,1,37,2025-05-19,1.9,22,0,16,2.4473684210526314
1010759793485911351,Abba House Historic Retreat - 3rd Flr Twin Bed,382970529,Thomas,thirteenth ward,42.67003,-73.79771,Private room,51.0,1,64,2025-05-25,3.28,15,296,33,0.7846153846153846
1010759799610182054,Abba House historic Retreat - 3rd Floor Single Bed,382970529,Thomas,thirteenth ward,42.66971,-73.79755,Private room,51.0,1,70,2025-06-05,3.6,15,353,41,0.7183098591549296
1013659440189111738,Abba House Historic Retreat - 2nd Floor Full Bed,382970529,Thomas,fourteenth ward,42.66873,-73.7993,Private room,59.0,1,22,2025-01-16,1.13,15,317,6,2.5652173913043477
1015385216942267174,Á∫ΩÁ∫¶Â∑ûÈ¶ñÂ∫úÁöÑÊ∏©È¶®Â∞èÂ±ã,182509542,Yan,ninth ward,42.6558992,-73.7965699,Private room,24.0,1,0,,0.0,1,60,0,24.0
1016050146219474145,Heart of Albany - Downtown Near Everything,42708277,Rodney,sixth ward,42.65539,-73.76416,Entire home/apt,70.0,1,41,2025-05-09,2.11,7,33,29,1.6666666666666667
1018268869882592471,Spacious Townhouse Walking Distance from Downtown,528617680,Paola,second ward,42.6459,-73.75828,Entire home/apt,102.0,1,1,2025-01-23,0.22,2,40,1,51.0
1018295677909928470,"Cozy Room w/ Walk-In Closet, Hot Tub and Coffee!",382970529,Thomas,fourteenth ward,42.66792031298625,-73.79895760671212,Private room,56.0,1,16,2024-03-03,0.84,15,253,0,3.2941176470588234
1018299533220989494,Abba House Historic Retreat - 2nd Floor Queen Bed,382970529,Thomas,thirteenth ward,42.66996,-73.79816,Private room,67.0,1,86,2025-06-01,4.48,15,350,48,0.7701149425287356
1018972187574908115,1 Comfy Bedroom Across the Park,37769478,Erion,sixth ward,42.6535,-73.77046,Entire home/apt,79.0,1,61,2025-05-22,3.22,11,348,33,1.2741935483870968
1020518500251473070,Downtown Studio,233515764,Etem,second ward,42.64714,-73.75466,Entire home/apt,65.0,1,142,2025-05-31,7.73,6,237,96,0.45454545454545453
1020993107237604444,*Beautiful* Spacious Prime DT 1 Bedroom Apt w GYM,47625981,Linda,third ward,42.6586,-73.76421,Entire home/apt,107.0,1,21,2025-05-18,1.12,18,193,16,4.863636363636363
1021011347006185640,*Spacious* Modern 1 Bedroom RARE Apt w GYM,47625981,Linda,third ward,42.65971,-73.76382,Entire home/apt,107.0,1,29,2025-05-11,1.57,18,355,17,3.566666666666667
1023053182224590019,Great home in Albany,496990578,Brian,eleventh ward,42.66838,-73.77868,Entire home/apt,116.0,1,83,2025-05-25,4.49,1,11,54,1.380952380952381
1034722814589239236,"*Huge, bright, private 2Bedroom*",130404008,Michael,third ward,42.65711,-73.75133,Entire home/apt,91.0,14,2,2024-09-01,0.19,1,39,2,30.333333333333332
1040624808363695229,Safe - Sweet -Serene - Long Term,42708277,Rodney,sixth ward,42.65447,-73.76078,Entire home/apt,67.0,1,48,2025-05-06,2.74,7,50,29,1.3673469387755102
1043565517982254841,2 bed room Apartment,212885959,Osas,second ward,42.63976,-73.75705,Entire home/apt,115.0,1,19,2025-03-04,1.18,1,68,10,5.75
1051544181986274174,Renovated Cozy 1920‚Äôs Apartment,31994990,Gonca,seventh ward,42.64478,-73.7764,Entire home/apt,53.0,28,1,2024-09-30,0.12,2,125,1,26.5
1052381112116173923,Charming Bungalow in Albany!,52464523,Dashima,first ward,42.64081,-73.77463,Entire home/apt,114.0,30,9,2025-04-18,0.51,1,220,6,11.4
1056469473906808728,"Bonjour, Bienvenue A Chez Pierre",553112010,Lynn,twelfth ward,42.7149,-73.87649,Private room,101.0,2,1,2024-10-26,0.13,1,268,1,50.5
1061814091773376272,Massive 5BD/4BA 3-Story Duplex @ Downtown Albany,44434571,Earl,second ward,42.64418,-73.75316,Entire home/apt,337.0,1,18,2025-05-17,1.14,9,325,13,17.736842105263158
1062527013885315764,"Nighthawk room, private twin near AMC, UAlbany",20536619,Emily,thirteenth ward,42.67096,-73.79514,Private room,51.0,4,12,2025-02-17,0.73,8,130,10,3.923076923076923
1073179963201889958,In the heart of Albany,31994990,Gonca,seventh ward,42.64473,-73.77641,Entire home/apt,53.0,20,2,2024-09-02,0.19,2,170,2,17.666666666666668
1075444056381274297,The Tangerine Door,542733174,Rebecca,twelfth ward,42.67908,-73.79505,Entire home/apt,140.0,2,24,2025-05-11,1.46,1,121,14,5.6
1079742757364810916,Lark St Oasis: Parking & Laundry,119340359,Lori,sixth ward,42.65531,-73.76449,Entire home/apt,145.0,2,7,2025-02-06,0.44,2,17,1,18.125
1090781013234004527,Newly renovated cozy apartment !,521669673,Kody,third ward,42.65975,-73.76311,Entire home/apt,70.0,14,1,2024-11-24,0.15,3,241,1,35.0
1091422934956081673,2 bed with parking off Madison,232967878,Diana,tenth ward,42.65988,-73.78486,Entire home/apt,136.0,2,17,2025-05-18,1.16,22,30,11,7.555555555555555
1091500387329731524,Triplex oasis w:parking near MVP,232967878,Diana,second ward,42.64409,-73.75709,Entire home/apt,76.0,2,64,2025-05-18,4.11,22,19,49,1.1692307692307693
1097201673425863720,Cozy 1-Bedroom Apt in Albany (Entire Apartment),360806709,Gloria,seventh ward,42.64149,-73.77925,Entire home/apt,93.0,1,56,2025-03-21,5.44,1,0,56,1.631578947368421
1097995825442731795,New Center square studio,232967878,Diana,sixth ward,42.65269,-73.76567,Entire home/apt,88.0,2,45,2025-05-02,2.95,22,48,32,1.9130434782608696
1100876731732967826,"Homey, Quiet 2BR W/ Washer Dryer",152762198,Allen,fourteenth ward,42.67008,-73.80691,Entire home/apt,94.0,3,28,2025-02-19,1.99,9,226,25,3.2413793103448274
1102984130027939637,Lovely 1 bedroom across the Park,37769478,Erion,sixth ward,42.65289,-73.76834,Entire home/apt,90.0,1,50,2025-05-18,3.28,11,346,36,1.7647058823529411
1105303461851883481,Downtown Brownstone with a View!,14817455,Matt,third ward,42.65749,-73.75263,Entire home/apt,184.0,7,0,,0.0,1,197,0,184.0
1108060100336766656,downtown,539608284,Joyhefsiba,third ward,42.66141,-73.76361,Private room,46.0,30,0,,0.0,1,364,0,46.0
1111221935683053416,Historical Pastures,418250661,Stephanie,third ward,42.6564469,-73.7507251,Entire home/apt,99.0,2,11,2025-05-11,0.74,1,334,6,8.25
1119691401020641385,Serene 1BR Escape: Walk to Eateries & Parks in ALB,472965048,Corey,sixth ward,42.65348,-73.7637,Entire home/apt,74.0,1,14,2025-04-03,0.98,2,159,11,4.933333333333334
1119844407084108907,1 bed 1 bath Apartment,477328400,Tyler,seventh ward,42.64885,-73.76523,Entire home/apt,90.0,2,38,2025-03-30,2.84,2,168,30,2.3076923076923075
1120212616553191970,Garden Apt Suite in Historic 1858 Row House + W/D,472965048,Corey,sixth ward,42.65194,-73.76526,Entire home/apt,87.0,1,28,2025-04-18,1.93,2,159,17,3.0
1121699903906738345,Cozy apartment in Albany,1761578,Grant,sixth ward,42.65314,-73.76546,Entire home/apt,90.0,2,6,2025-02-18,0.42,3,250,4,12.857142857142858
1123231471304541808,"Modern townhouse 2 Bedrooms, King Bed, parking",10279606,Noriyuki,fifteenth ward,42.66901,-73.82402,Entire home/apt,165.0,1,49,2025-05-25,3.52,3,342,42,3.3
1124558577325015506,Charming 1BR Near Capitol-Dwntwn,46312980,Robert,second ward,42.646032,-73.760482,Entire home/apt,64.0,3,4,2025-02-17,0.32,2,196,3,12.8
1124632058968031818,Modern Duplex - Historical Home,46312980,Robert,second ward,42.646032,-73.760482,Entire home/apt,94.0,3,5,2025-03-31,0.36,2,82,3,15.666666666666666
1128332989288304495,Downtown Albany Vacation Rental - Chic & Walkable!,121680792,Evolve,third ward,42.65783832009679,-73.75382158545102,Entire home/apt,135.0,2,3,2024-07-28,0.25,5,218,3,33.75
1128386510439836615,Welcome home travelers,502037254,Andrew,seventh ward,42.64893,-73.76886,Entire home/apt,93.0,25,2,2024-08-03,0.17,3,185,2,31.0
1131258472427093335,"Modern 2 BR near MVP Arena, Colleges, Airport",440509865,John,fifteenth ward,42.674853495878494,-73.81692445092622,Entire home/apt,153.0,1,48,2025-06-01,4.74,1,291,48,3.122448979591837
1134940445251354534,Calling all travelers,521669673,Kody,third ward,42.65909,-73.75691,Entire home/apt,70.0,14,2,2025-05-15,0.15,3,196,1,23.333333333333332
1135812630237897119,Cozy Bedrooms in Albany,522436003,Adriana,thirteenth ward,42.6689614,-73.7890379,Private room,36.0,28,0,,0.0,3,210,0,36.0
1136433500940918827,"""The LEO Home"" Private Bedroom 1",349460842,Scott,thirteenth ward,42.66368,-73.78128,Private room,56.0,30,0,,0.0,17,337,0,56.0
1141525488442370659,North Allen,522436003,Adriana,thirteenth ward,42.6689614,-73.7890379,Private room,93.0,28,0,,0.0,3,215,0,93.0
1142828940864329671,Safe Comfy Cozy 2 bedrooms.,574235481,Lavern,first ward,42.64094,-73.7767,Entire home/apt,93.0,2,4,2024-07-06,0.3,1,0,2,18.6
1142832011692120213,Bright & Clean Apartment ‚Äì August Price Special!,129023424,Riccardo,thirteenth ward,42.67105,-73.7995,Entire home/apt,72.0,7,6,2025-04-13,0.47,1,301,3,10.285714285714286
1146241260871564965,Larson Green,233515764,Etem,sixth ward,42.6524924,-73.7674361,Entire home/apt,88.0,1,56,2025-05-18,4.21,6,232,50,1.543859649122807
1146352622413555849,491 Washington Ave FL1Rare,575030103,Rehan,eleventh ward,42.66259,-73.7733,Private room,55.0,2,20,2025-05-17,1.51,2,248,16,2.619047619047619
1147092019793504034,Larson Blue,233515764,Etem,sixth ward,42.65274,-73.76779,Entire home/apt,87.0,1,72,2025-06-01,5.36,6,234,62,1.1917808219178083
1150611568915810847,Albany historic Washington Park,576083630,Joseph,sixth ward,42.6586049,-73.76803290000001,Entire home/apt,95.0,2,11,2025-03-30,0.84,1,256,10,7.916666666666667
1158059552251999833,"""The Albany Allen Home"" Private Bedroom 1",349460842,Scott,tenth ward,42.66428,-73.79249,Private room,52.0,28,2,2024-11-29,0.21,17,156,2,17.333333333333332
1158239701426064904,Funky loft studio,502037254,Andrew,third ward,42.65845,-73.75926,Entire home/apt,80.0,30,0,,0.0,3,209,0,80.0
1164651175585600815,*Private Entrance* Cozy Apt Bright + Modern W/D,47625981,Linda,seventh ward,42.64727,-73.76758,Entire home/apt,107.0,1,14,2025-05-24,1.22,18,340,14,7.133333333333334
1170384250566304506,/An Oasis 8 ppl Yard Grill W/D\,580892646,Crystal,second ward,42.64349,-73.75906,Entire home/apt,292.0,2,2,2024-07-31,0.17,2,12,2,97.33333333333333
1171795874799450911,Walk to convention center:Lark St:Capital,232967878,Diana,sixth ward,42.65314,-73.7653,Entire home/apt,128.0,1,46,2025-05-22,3.77,22,36,46,2.723404255319149
1171885189346375850,/A spacious suite: King/Queen beds Grill WD yard\,580892646,Crystal,second ward,42.64462,-73.75764,Private room,200.0,2,0,,0.0,2,12,0,200.0
1173390858101803102,New near major medical facility,232967878,Diana,seventh ward,42.64442,-73.77938,Entire home/apt,213.0,2,18,2025-05-25,1.66,22,18,18,11.210526315789474
1174544643387116469,"Spacious, Modern Gem in Melrose - Pet Friendly",441054845,Thaddeus,thirteenth ward,42.66894,-73.79549,Entire home/apt,99.0,1,55,2025-05-18,4.6,2,205,55,1.7678571428571428
1182574461437954732,Limited Time Listing,42708277,Rodney,sixth ward,42.6534205,-73.7639758,Entire home/apt,78.0,1,25,2025-05-12,2.14,7,56,25,3.0
1183457852972127594,Upscale Listing-Heart of Albany,42708277,Rodney,sixth ward,42.65227,-73.7646,Entire home/apt,75.0,1,21,2025-05-15,1.92,7,48,21,3.409090909090909
1183460523409924571,Albany Business Class Apartment,42708277,Rodney,sixth ward,42.6524,-73.76351,Entire home/apt,67.0,1,17,2025-05-15,1.47,7,47,17,3.7222222222222223
1184656403266667138,NEW studio w/2 beds near MVP,232967878,Diana,second ward,42.64409,-73.75709,Entire home/apt,120.0,1,16,2025-05-18,1.38,22,29,16,7.0588235294117645
1185537980724624711,Empire Plaza Apartment,29483818,Ben,sixth ward,42.65327,-73.76181,Entire home/apt,85.0,1,130,2025-06-06,11.34,1,86,130,0.648854961832061
1185591493744586895,"""The Albany Allen Home"" Private Bedroom 3",349460842,Scott,fourteenth ward,42.66612,-73.79275,Private room,65.0,28,0,,0.0,17,215,0,65.0
1187591175698501325,House near major medical center,232967878,Diana,ninth ward,42.65502,-73.79183,Entire home/apt,168.0,1,27,2025-05-18,2.39,22,78,27,6.0
1189245100874558445,Beautiful 2 Bedroom with Parking,37769478,Erion,sixth ward,42.65333,-73.7711,Entire home/apt,113.0,1,23,2025-05-23,2.6,11,327,23,4.708333333333333
1189249179392132534,Lovely 1 Bedroom with Parking,37769478,Erion,tenth ward,42.66215,-73.79048,Entire home/apt,82.0,1,33,2025-05-19,2.99,11,357,33,2.411764705882353
1191895319439613036,"Room in Albany, 4 minutes from AMC",32379616,Fabiola,tenth ward,42.6605291,-73.7831549,Private room,33.0,28,0,,0.0,5,363,0,33.0
1192795085655166314,Privateroom with shared bathroom for Nurses&grads,382446799,Elizabeth,ninth ward,42.65542,-73.78155,Private room,42.0,1,6,2025-03-31,0.6,1,249,6,6.0
1196459023545165129,Albany Vacation Rental w/ State Capitol Views!,121680792,Evolve,sixth ward,42.655732,-73.764735,Entire home/apt,280.0,5,0,,0.0,5,309,0,280.0
1198592120169206200,"""The LEO Home"" Private Bedroom 2",349460842,Scott,tenth ward,42.66269,-73.78163,Private room,56.0,30,0,,0.0,17,65,0,56.0
1208695175897245796,"""The Albany Allen Home"" Private Bedroom 5",349460842,Scott,tenth ward,42.6639,-73.7927,Private room,56.0,28,0,,0.0,17,342,0,56.0
1209313814437527365,"Dali room, private queen near AMC, UAlbany",20536619,Emily,thirteenth ward,42.67318,-73.79345,Private room,68.0,7,2,2024-10-27,0.25,8,88,2,22.666666666666668
1210875317904799284,Charming Home,147780154,Julia,eighth ward,42.65812,-73.81912,Entire home/apt,199.0,3,0,,0.0,1,358,0,199.0
1223845635352908531,"493 Washington Ave, Albany 12206, 1st Floor",575030103,Rehan,eleventh ward,42.66332540000001,-73.77422550000001,Entire home/apt,108.0,3,10,2025-06-01,1.26,2,349,10,9.818181818181818
1224184445857718550,White Cozy Room,522436003,Adriana,thirteenth ward,42.66859,-73.78832,Private room,55.0,28,2,2025-04-01,0.24,3,295,2,18.333333333333332
1227494196390230149,/Audubon Apartment\ 3bed 1bath built1928 Pine Hill,52123673,Joseph,thirteenth ward,42.66955,-73.78542,Entire home/apt,158.0,3,7,2025-05-16,0.77,1,345,7,19.75
1229302903741056027,It's Like a Treehouse,562084689,Antonio,tenth ward,42.66104,-73.77971,Entire home/apt,150.0,1,14,2025-05-10,1.47,2,159,14,10.0
1229336497403850446,Indigo Bunting Nest,562084689,Antonio,eleventh ward,42.66319,-73.77897,Entire home/apt,145.0,1,33,2025-05-25,3.59,2,340,33,4.264705882352941
1230257693323535013,"King Bed, Workspace & Laundry | Center Square Apt",106636448,Daniel,sixth ward,42.65507161089614,-73.76475094677727,Entire home/apt,115.0,1,43,2025-05-21,7.09,1,243,43,2.6136363636363638
1233366548908684664,Larson Gold,233515764,Etem,sixth ward,42.65173,-73.76786,Entire home/apt,74.0,1,55,2025-06-01,6.02,6,199,55,1.3214285714285714
1234376912864523021,Spacious Garden Apt in Center Square,564967431,Stephanie,sixth ward,42.65046806904435,-73.7643479581064,Entire home/apt,82.0,2,2,2024-10-28,0.26,2,313,2,27.333333333333332
1237963668912797614,Tasteful‚Ä¶in more ways than one!,382970529,Thomas,sixth ward,42.65507057171404,-73.76151133328676,Entire home/apt,74.0,4,27,2025-04-24,3.09,15,93,27,2.642857142857143
1240621479377945523,Private suite with separate entrance in Mansion,412416973,Virginia,second ward,42.64566906803636,-73.75883447708878,Private room,44.0,1,7,2025-01-28,0.93,1,253,7,5.5
1242227342075722524,Nice room in downtown albany,594734396,Abdelrahman,second ward,42.6425,-73.75889,Private room,73.0,1,32,2025-06-03,3.76,2,301,32,2.212121212121212
1246452851774715158,Room close to AMC and St peter,652223872,Umit,tenth ward,42.65941683202992,-73.78360267728567,Private room,52.0,3,4,2024-12-23,0.5,1,297,4,10.4
1252203595666312568,"""The Albany Allen Home"" Private Bedroom 4",349460842,Scott,tenth ward,42.665179051217486,-73.79260147965597,Private room,52.0,28,0,,0.0,17,325,0,52.0
1252255960109808438,The Old Lawmaker's Building.,172861174,Vibha,third ward,42.6551298,-73.75842949999999,Private room,100.0,1,7,2025-05-10,0.87,1,351,7,12.5
1252258297385952172,staycation CAP region,38324986,Gregory,eighth ward,42.64548739100758,-73.7896032151887,Entire home/apt,285.0,3,0,,0.0,1,289,0,285.0
1252301211909514289,"""The Albany Allen Home"" Private Bedroom 2",349460842,Scott,tenth ward,42.66555578069533,-73.79269774597833,Private room,52.0,28,1,2024-11-27,0.15,17,353,1,26.0
1256391301639690602,Lovely 1 bedroom across the park,37769478,Erion,sixth ward,42.65422976833157,-73.76982577313373,Entire home/apt,88.0,1,10,2025-03-21,1.2,11,320,10,8.0
1256498995571429533,"""The LEO Home"" Private Bedroom 3",349460842,Scott,tenth ward,42.66226,-73.78221,Private room,52.0,30,0,,0.0,17,179,0,52.0
1258922176307142144,Cozy Boho 1BR Near Albany Med & St Peter Hospitals,18490980,Jeremy,sixth ward,42.6544762,-73.7718074,Entire home/apt,83.0,1,6,2024-12-30,0.74,2,179,6,11.857142857142858
1259604917138801047,In Town Convenient Studio | Washington Park Albany,18490980,Jeremy,sixth ward,42.6551724,-73.76646989999999,Entire home/apt,93.0,28,8,2025-05-17,1.0,2,174,8,10.333333333333334
1264531987910224088,"*Serene* Parkside 2BR Apt: Private Entrance, W/D",47625981,Linda,seventh ward,42.64762856666501,-73.76751684061892,Entire home/apt,131.0,1,25,2025-05-18,3.13,18,335,25,5.038461538461538
1265342374507338537,Stylish studio - downtown Albany,564967431,Stephanie,sixth ward,42.65004675077063,-73.76402178164355,Entire home/apt,68.0,2,6,2025-03-01,0.8,2,219,6,9.714285714285714
1266676779473584420,Row house on the park,1017349,Chris,sixth ward,42.65319027333566,-73.76970599961155,Private room,75.0,1,1,2024-10-26,0.13,1,81,1,37.5
1268205616603776750,Central Location 1 Bed 1 Bath With Parking,270608641,Enkelejda,sixth ward,42.65137969505171,-73.76947069212083,Entire home/apt,80.0,1,15,2025-05-19,2.05,2,356,15,5.0
1269145433396830936,King Bed in Spacious Aparment Close to Everything,382970529,Thomas,thirteenth ward,42.66916459999999,-73.79776079999999,Private room,49.0,2,5,2025-05-10,0.66,15,296,5,8.166666666666666
1273958657689116365,3 Bedroom Cozy Ranch,57127782,Deanna,fifteenth ward,42.673155,-73.8203654,Entire home/apt,164.0,1,34,2025-06-03,4.55,1,175,34,4.685714285714286
1274613024891750632,Two bedroom apartment in the heart of Albany,32379616,Fabiola,third ward,42.66487530937626,-73.76730339028755,Entire home/apt,102.0,28,0,,0.0,5,360,0,102.0
1277717926531215616,Large Center Sq Luxury Retreat.,65760,Anthony,sixth ward,42.6497616,-73.7645287,Entire home/apt,188.0,4,2,2025-05-18,1.15,1,158,2,62.666666666666664
1279781671588026640,Spacious & Quiet Townhouse Near Legislative Center,528617680,Paola,second ward,42.6453112779392,-73.75793399720892,Private room,93.0,1,6,2025-02-19,0.82,2,0,6,13.285714285714286
1284151940120079993,Spacious 4-Bedroom Home with Modern Amenities,653956114,Michael,tenth ward,42.66203830172302,-73.78922093804118,Entire home/apt,178.0,2,18,2025-06-08,3.88,1,163,18,9.368421052631579
1284983740417509877,Cowen Residence Hospitality.,661066080,Conseta,fourth ward,42.67445142837617,-73.73835701264711,Entire home/apt,92.0,1,2,2025-05-18,0.42,1,174,2,30.666666666666668
1288603783171108127,Lofts at Washington 109 Spacious 1 Bedroom 1 Bath,358619880,Properties By Preston,third ward,42.65769853839876,-73.76265861973056,Entire home/apt,90.0,31,2,2025-02-16,0.41,5,318,2,30.0
1288603840617378795,Lofts at Washington 303 Spacious 1 Bedroom 1 Bath,358619880,Properties By Preston,third ward,42.657972465126825,-73.76464632915632,Entire home/apt,127.0,31,1,2025-03-14,0.34,5,172,1,63.5
1288603902798375521,Lofts at Washington 304 Spacious 1 Bedroom 1 Bath,358619880,Properties By Preston,third ward,42.65735001723258,-73.76321831042932,Entire home/apt,127.0,31,3,2025-03-01,0.47,5,252,3,31.75
1288604046621507922,Washington Lofts 109 Spacious 1 Bedroom 1 Bath,358619880,Properties By Preston,third ward,42.65537054523247,-73.76089577263407,Entire home/apt,114.0,31,1,2024-12-01,0.16,5,268,1,57.0
1288604092723663347,Lofts at Washington 310 Spacious 1 Bedroom 1 Bath,358619880,Properties By Preston,sixth ward,42.65678,-73.76367,Entire home/apt,79.0,31,0,,0.0,5,200,0,79.0
1289084606313003203,"1 bedroom apt close to hospitals,3min to Albanymed",484673863,Michaela,tenth ward,42.65701240741075,-73.78116252001512,Entire home/apt,73.0,1,29,2025-06-02,4.26,3,333,29,2.433333333333333
1291321613053647042,The Belvedere,571617730,Zinte,second ward,42.6445746,-73.7566836,Entire home/apt,342.0,1,0,,0.0,1,357,0,342.0
1292881870228693830,‚ÄòThe Blue Home‚Äô Private Bedroom 3 / 1 Full Bath,349460842,Scott,tenth ward,42.66229705990609,-73.78175574496683,Private room,70.0,30,0,,0.0,17,77,0,70.0
1294330125585979004,Modern Luxury 2 bedroom w/yard,353498132,Michael,eighth ward,42.64592834063253,-73.79876141165387,Entire home/apt,186.0,13,0,,0.0,6,249,0,186.0
1295804289767410494,'The Blue Home' Private Bedroom 1 / 1 Full Bath,349460842,Scott,thirteenth ward,42.66345629680885,-73.7818281544101,Private room,121.0,30,0,,0.0,17,263,0,121.0
1296651761769034648,Room in Albany,663670719,Elhadj,thirteenth ward,42.66434543814111,-73.77874573138119,Private room,38.0,1,9,2025-06-07,2.0,3,190,9,3.8
1296756366433115082,"Room In Albany, NY",663670719,Elhadj,eleventh ward,42.66294970341223,-73.7789027115689,Private room,42.0,1,43,2025-06-02,6.75,3,291,43,0.9545454545454546
1298067362380112500,Fresh & Modernized 2BR Fl 1 Apt @ Downtown Albany,44434571,Earl,second ward,42.64441207268658,-73.7522667363394,Entire home/apt,100.0,1,20,2025-05-31,3.75,9,334,20,4.761904761904762
1298625208863760034,Mid-century Cozy Retreat W/D,47625981,Linda,seventh ward,42.64882383528059,-73.7666466200598,Entire home/apt,93.0,1,3,2025-03-09,0.49,18,357,3,23.25
1300644516303671513,Hope On The Hill,341431807,Rakee,first ward,42.6310402282283,-73.77196507981581,Entire home/apt,104.0,1,8,2025-05-18,1.33,1,358,8,11.555555555555555
1308084493028885153,‚ÄòThe Blue Home‚Äô Private Bedroom 2 / 1 Full Bath,349460842,Scott,tenth ward,42.66299894556866,-73.7825558531992,Private room,56.0,28,0,,0.0,17,303,0,56.0
1308111521841678866,‚ÄòThe Blue Home‚Äô Private Bedroom 4 / 1 Full Bath,349460842,Scott,tenth ward,42.66239946679698,-73.78271260107455,Private room,56.0,30,0,,0.0,17,311,0,56.0
1310170283925918533,Private Room In Albany,663670719,Elhadj,eleventh ward,42.66375890730826,-73.77674406705056,Private room,51.0,1,27,2025-06-01,4.76,3,295,27,1.8214285714285714
1312449079141263102,COZY  house,667142820,Sylvain Marco,fifteenth ward,42.6694592,-73.8269249,Entire home/apt,250.0,30,0,,0.0,1,359,0,250.0
1319619558594743733,Prime Location - 1 Bedroom,559146397,Cathleen,sixth ward,42.65331,-73.76971,Entire home/apt,75.0,31,0,,0.0,2,69,0,75.0
1319649416178819713,The Sweet spot,252422913,Dennis,fifteenth ward,42.67077854215789,-73.82525054567722,Entire home/apt,106.0,2,1,2025-04-14,0.53,1,114,1,53.0
1325491259534107672,Walk to Washington Park: Remote Work-Ready Apt!,121680792,Evolve,sixth ward,42.6551361,-73.7737125,Entire home/apt,101.0,2,1,2025-05-10,1.0,5,348,1,50.5
1328247359330291677,The Whisky House,666182267,Tyler,sixth ward,42.65015,-73.76337,Entire home/apt,170.0,2,12,2025-05-11,2.9,1,227,12,13.076923076923077
1328401906195927790,Top of The Capital,392074908,Jerry,sixth ward,42.65262,-73.76134,Entire home/apt,103.0,2,4,2025-04-09,1.15,3,331,4,20.6
1329355205441244604,Albany Prime Location - 1 Bed,559146397,Cathleen,sixth ward,42.65344807383542,-73.76942854374647,Entire home/apt,83.0,31,0,,0.0,2,283,0,83.0
1334238579190312184,Charming & Roomy 3BR/1BA Fl 2 Apt @Downtown Albany,44434571,Earl,second ward,42.6440750005831,-73.75452790055822,Entire home/apt,108.0,1,8,2025-06-02,3.33,9,221,8,12.0
1344295935213350424,Business Travelers Retreat,42708277,Rodney,fourth ward,42.67538365828664,-73.75011739653225,Entire home/apt,83.0,1,1,2025-05-24,1.0,7,59,1,41.5
1344899700380628431,Capital City Executive Suites,42708277,Rodney,fourth ward,42.67796681605566,-73.74887793631504,Entire home/apt,69.0,1,0,,0.0,7,8,0,69.0
1346801758960246004,Stylish 1BR | Center Sq. Gem!,299638115,Flerida,sixth ward,42.6556643,-73.7618859,Entire home/apt,71.0,1,0,,0.0,4,311,0,71.0
1350831900774924999,Cozy Home in Heart of Albany,677372979,Celia,twelfth ward,42.68507834404223,-73.79764015056868,Entire home/apt,126.0,7,3,2025-05-01,0.87,1,220,3,31.5
1350872245042831459,Capital City Escape,10279606,Noriyuki,fifteenth ward,42.67003713546928,-73.82302715231661,Entire home/apt,149.0,1,20,2025-05-26,5.26,3,331,20,7.095238095238095
1355026548513364492,Traveler‚Äôs Haven!,413566290,Victoria,ninth ward,42.655400645597446,-73.79756712300808,Private room,66.0,2,2,2025-05-19,1.03,1,61,2,22.0
1358581858384454275,Two bedroom apartment in Albany,32379616,Fabiola,third ward,42.66526304906058,-73.76716070107956,Entire home/apt,86.0,28,0,,0.0,5,348,0,86.0
1363867065584533091,A piece of mind,650062372,Mataiya,thirteenth ward,42.66891,-73.79096,Entire home/apt,217.0,1,3,2025-05-18,2.37,1,352,3,54.25
1365428503448527322,Downtown Albany Spacious 2BR | Free Parking,664328482,Oluyinka,second ward,42.6436654,-73.7536006,Entire home/apt,91.0,1,26,2025-06-04,7.88,1,349,26,3.3703703703703702
1366933239765507591,Vacation Home in Albany,680411288,Stephanie,eighth ward,42.64533014600323,-73.789131045637,Entire home/apt,258.0,1,14,2025-06-01,5.0,1,309,14,17.2
1369127908322228929,Capital Comfort Stay,584109093,Cecilia,fourth ward,42.66159372265361,-73.75439956511829,Entire home/apt,85.0,1,6,2025-05-30,2.12,1,352,6,12.142857142857142
1369768924474303403,Near Hospitals: Home w/ Yard in Albany!,121680792,Evolve,first ward,42.63962651941938,-73.7733080081594,Entire home/apt,203.0,2,0,,0.0,5,357,0,203.0
1371626040166892504,Central cozy quiet 4 bedroom w/King bed,20536619,Emily,tenth ward,42.66315402479468,-73.78910123743358,Entire home/apt,164.0,7,0,,0.0,8,208,0,164.0
1371829070623409671,"Walk to Albany Med, MVP Arena, Washington Park",265861488,Vander,sixth ward,42.65040602684423,-73.76433185078635,Entire home/apt,68.0,1,13,2025-06-01,6.0,1,288,13,4.857142857142857
1375007693720508441,A peaceful home away from home,385963105,Samantha,fourteenth ward,42.66598411229728,-73.81880097091198,Entire home/apt,128.0,7,1,2025-05-24,1.0,1,66,1,64.0
1376989617162173438,Cozy Sunshine,233515764,Etem,seventh ward,42.64764408604364,-73.7715925383664,Entire home/apt,74.0,1,2,2025-04-30,0.85,6,198,2,24.666666666666668
1377446918025263146,"Woodlands room, private queen, walk to AMC",20536619,Emily,tenth ward,42.66148231183373,-73.78761856260732,Private room,44.0,28,0,,0.0,8,63,0,44.0
1377471842094741150,Bright private queen room,20536619,Emily,tenth ward,42.66310642184764,-73.78716159656459,Private room,52.0,28,0,,0.0,8,100,0,52.0
1377480167938312156,"Peony room, private w/ King bed!",20536619,Emily,tenth ward,42.66183099633526,-73.78755056940085,Private room,53.0,28,0,,0.0,8,123,0,53.0
1377916686119912961,Furnished brand new studio,26674574,Zainab,twelfth ward,42.6868252,-73.8111413,Entire home/apt,64.0,3,3,2025-05-20,1.27,1,262,3,16.0
1379906377578749938,Cozy Sunset,233515764,Etem,seventh ward,42.64626119280813,-73.7715113891403,Entire home/apt,93.0,1,8,2025-05-25,3.0,6,306,8,10.333333333333334
1380555997747082021,Luxury Albany Hotel w/Breakfast Next to Downtown,466790114,Zohar,eleventh ward,42.6800233833328,-73.78522330726621,Private room,51.0,1,2,2025-05-18,0.94,9,360,2,17.0
1381163571420241600,Albany 2BR Stay Close to Downtown W/Free Breakfast,466790114,Zohar,eleventh ward,42.68231684583981,-73.7836715628194,Entire home/apt,49.0,1,5,2025-05-19,2.14,9,345,5,8.166666666666666
1383910626115273822,"Cranberry room, large private queen, central loc.",20536619,Emily,tenth ward,42.66317303594558,-73.78912755444637,Private room,51.0,21,0,,0.0,8,133,0,51.0
1390171272060324410,New Large Bedroom! Has Parking!,55596850,Alain,ninth ward,42.66002,-73.79333,Private room,53.0,5,1,2025-05-15,1.0,3,303,1,26.5
1393472438317281309,Cozy Albany Suite Close to downtown W/breakfast.,466790114,Zohar,eleventh ward,42.67776,-73.78216,Entire home/apt,55.0,1,3,2025-05-18,1.58,9,354,3,13.75
1393482542585537728,Cozy Albany Suite Next to downtown W/breakfast,466790114,Zohar,fifth ward,42.67652148547361,-73.78111383843994,Entire home/apt,70.0,1,2,2025-04-18,1.03,9,334,2,23.333333333333332
1393489507693048211,Albany 2BR Stay Close to Downtown W/Breakfast,466790114,Zohar,eleventh ward,42.6774277859628,-73.78242873068034,Entire home/apt,56.0,1,1,2025-05-26,1.0,9,353,1,28.0
1393634713342137582,Albany Cozy 2BR Room with breakfast & Gym,466790114,Zohar,eleventh ward,42.67610273877896,-73.78233682651273,Entire home/apt,57.0,1,2,2025-05-18,2.0,9,347,2,19.0
1393634936904017469,New Bedroom! Includes Parking!,55596850,Alain,ninth ward,42.659475284293904,-73.79368120012339,Private room,48.0,5,2,2025-05-09,1.46,3,287,2,16.0
1393638070589049592,Albany Luxury 2BR Room with free Breakfast,466790114,Zohar,fifth ward,42.67651022767566,-73.78215501783329,Entire home/apt,47.0,1,3,2025-06-05,2.43,9,365,3,11.75
1395631320915237453,Nice,594734396,Abdelrahman,second ward,42.64481160353397,-73.7577543183059,Private room,57.0,1,0,,0.0,2,338,0,57.0
1395671676833912969,The Small Yellow Room with twin bed /tv,116935236,Felicisimo,thirteenth ward,42.669917189344,-73.78632927186241,Private room,33.0,7,0,,0.0,5,291,0,33.0
1396921235971014566,New Bedroom Centrally Located! Parking & Laundry,55596850,Alain,fourteenth ward,42.661116057130855,-73.79408139551636,Private room,39.0,5,0,,0.0,3,317,0,39.0
1402461183704514588,4 bedroom house in Albany,32379616,Fabiola,tenth ward,42.6605291,-73.7831549,Entire home/apt,129.0,28,0,,0.0,5,352,0,129.0
1405327220192978468,Room near SUNY Albany,32379616,Fabiola,tenth ward,42.659903296506094,-73.78257397435888,Private room,44.0,28,0,,0.0,5,363,0,44.0
1405768102601327206,Historic Studio and Great Eats,382970529,Thomas,sixth ward,42.655450233068514,-73.76273815121087,Entire home/apt,89.0,3,0,,0.0,15,239,0,89.0
1414503206938039174,Beautiful 1 bed apartment,477328400,Tyler,seventh ward,42.648787315458335,-73.76675859025983,Entire home/apt,107.0,1,1,2025-06-01,1.0,2,340,1,53.5
1415264502554152450,Clean Albany by Shops,674118442,Jan,eleventh ward,42.67847685573894,-73.78374210994188,Entire home/apt,67.0,1,0,,0.0,3,329,0,67.0
1415264548258356062,Standard Albany | Central,674118442,Jan,eleventh ward,42.67855402049791,-73.78195666286844,Entire home/apt,98.0,1,0,,0.0,3,175,0,98.0
1415956224087762543,"Near All 
Downtown Albany Apartment",232589050,Lauren,second ward,42.6456774,-73.7602082,Entire home/apt,89.0,1,5,2025-06-04,5.0,1,124,5,14.833333333333334
1415989732108937584,Modern Albany Queen | Shops,674118442,Jan,eleventh ward,42.67827868696797,-73.78394989604709,Entire home/apt,64.0,1,0,,0.0,3,175,0,64.0
1417686058428307591,Charming Historic Apartment,270608641,Enkelejda,sixth ward,42.65166,-73.76622,Entire home/apt,78.0,1,0,,0.0,2,212,0,78.0
1419803505997334256,Modern Historical Albany Living,51050977,Manuel P.,ninth ward,42.6572643,-73.7769051,Entire home/apt,120.0,7,0,,0.0,1,251,0,120.0
1430417055174000914,Caf√© Capriccio Suite,418024477,Marlene,second ward,42.64619243272902,-73.75658877629596,Entire home/apt,150.0,1,0,,0.0,1,159,0,150.0
1432823196473666155,"Charming, Stylish Apt Downtown",531209536,Amar,third ward,42.6579207870488,-73.75026566418697,Entire home/apt,107.0,28,0,,0.0,2,274,0,107.0
1434108183586713709,Cozy Albany Suite Next to Downtown with Gym,466790114,Zohar,eleventh ward,42.682246872011966,-73.78338389658927,Entire home/apt,57.0,1,1,2025-06-07,1.0,9,365,1,28.5
1434112653259573474,Stylish Albany Room minutes to Downtown,466790114,Zohar,eleventh ward,42.680525565301686,-73.7852461638938,Entire home/apt,61.0,1,0,,0.0,9,365,0,61.0
